/home/atuin/g103ea/shared/coco2014/images/COCO_val2014_000000153692.jpg,/home/atuin/g103ea/shared/coco2014/images/COCO_val2014_000000370818.jpg,/home/atuin/g103ea/shared/concept_pair_switched/backpack_sink_20240706_055641.png,153692,370818,False,0.003,0.0012656250000000003,200,200,2.0,100.0,0.07,11.015625,10.9765625,0.37744140625,10.96875,0.462158203125,0.10242681950330734,5.938983917985752e-07,0.4423544406890869,backpack,sink,A man riding a bike across a cross walk.,A white bathroom sink sitting under a mirror.,A white cabinet with a white towel hanging on it.
/home/atuin/g103ea/shared/coco2014/images/COCO_val2014_000000063619.jpg,/home/atuin/g103ea/shared/coco2014/images/COCO_val2014_000000035526.jpg,/home/atuin/g103ea/shared/concept_pair_switched/backpack_sink_20240706_055718.png,63619,35526,False,0.003,0.0012656250000000003,200,198,2.0,100.0,0.07,10.578125,10.5703125,0.32568359375,10.6171875,0.397705078125,0.08938439935445786,6.529492502238554e-09,0.3644530475139618,backpack,sink,A man riding a bike on a street next to a tall pole.,"A bathroom with a tub, sink, mirror and toilet.","A bathroom with a tub, sink, toilet and shower."
/home/atuin/g103ea/shared/coco2014/images/COCO_val2014_000000357586.jpg,/home/atuin/g103ea/shared/coco2014/images/COCO_val2014_000000257327.jpg,/home/atuin/g103ea/shared/concept_pair_switched/backpack_sink_20240706_055849.png,357586,257327,False,0.003,0.0012656250000000003,200,200,2.0,100.0,0.07,11.265625,11.234375,0.346923828125,11.2890625,0.458984375,0.10487838089466095,2.238381142660728e-07,0.4167029559612274,backpack,sink,A man and a boy sitting on a bench with a teddy bear.,"A bathroom with a sink, mirror, and toilet.","A bathroom with a sink, mirror, and toilet."
/home/atuin/g103ea/shared/coco2014/images/COCO_val2014_000000437432.jpg,/home/atuin/g103ea/shared/coco2014/images/COCO_val2014_000000181446.jpg,/home/atuin/g103ea/shared/concept_pair_switched/backpack_sink_20240706_060115.png,437432,181446,False,0.003,0.0012656250000000003,200,200,2.0,100.0,0.07,11.2890625,11.125,0.75830078125,11.125,0.80224609375,0.07003669440746307,4.781407483278599e-07,0.7584219574928284,backpack,sink,A woman walking down a sidewalk next to a fire hydrant.,A man holding open a refrigerator door with food in it.,A man is looking into a refrigerator with food in it.
/home/atuin/g103ea/shared/coco2014/images/COCO_val2014_000000360735.jpg,/home/atuin/g103ea/shared/coco2014/images/COCO_val2014_000000523400.jpg,/home/atuin/g103ea/shared/concept_pair_switched/backpack_sink_20240706_060316.png,360735,523400,False,0.003,0.0009492187500000002,200,200,2.0,100.0,0.07,10.828125,10.8125,0.305908203125,10.7890625,0.464599609375,0.07871735095977783,1.0278014883624564e-07,0.32335320115089417,backpack,sink,A man riding a motorcycle down a street.,A bathroom with a large mirror and a tub.,"A bathroom with a toilet, sink and mirror."
/home/atuin/g103ea/shared/coco2014/images/COCO_val2014_000000134981.jpg,/home/atuin/g103ea/shared/coco2014/images/COCO_val2014_000000089099.jpg,/home/atuin/g103ea/shared/concept_pair_switched/backpack_sink_20240706_060346.png,134981,89099,False,0.003,0.0012656250000000003,200,197,2.0,100.0,0.07,11.2109375,11.203125,0.263427734375,11.234375,0.390869140625,0.16191445291042328,0.0,0.4472566246986389,backpack,sink,Two people walking in the snow with skis on.,Two women in a kitchen preparing food together.,Two women in a kitchen preparing food together.
/home/atuin/g103ea/shared/coco2014/images/COCO_val2014_000000117093.jpg,/home/atuin/g103ea/shared/coco2014/images/COCO_val2014_000000251062.jpg,/home/atuin/g103ea/shared/concept_pair_switched/backpack_sink_20240706_060426.png,117093,251062,False,0.003,0.0012656250000000003,200,199,2.0,100.0,0.07,10.0390625,10.015625,0.26318359375,10.046875,0.332763671875,0.07001017779111862,1.0168109554342664e-07,0.263214111328125,backpack,sink,A motorcycle with a helmet and a backpack on the back.,"A bathroom with a sink, toilet, and bathtub.","A bathroom with a sink, toilet, and bathtub."
/home/atuin/g103ea/shared/coco2014/images/COCO_val2014_000000463836.jpg,/home/atuin/g103ea/shared/coco2014/images/COCO_val2014_000000327323.jpg,/home/atuin/g103ea/shared/concept_pair_switched/backpack_sink_20240706_060436.png,463836,327323,False,0.003,0.0009492187500000002,200,200,2.0,100.0,0.07,10.0625,10.0546875,0.1998291015625,10.046875,0.3134765625,0.06998443603515625,9.280942236955525e-09,0.19983002543449402,backpack,sink,A man standing in a doorway with a backpack.,A bathroom with a white toilet and a bathtub.,A bathroom with a white toilet and a bathtub.
/home/atuin/g103ea/shared/coco2014/images/COCO_val2014_000000314986.jpg,/home/atuin/g103ea/shared/coco2014/images/COCO_val2014_000000323959.jpg,/home/atuin/g103ea/shared/concept_pair_switched/backpack_sink_20240706_060453.png,314986,323959,False,0.003,0.0012656250000000003,200,199,2.0,100.0,0.07,10.4375,10.3828125,0.60009765625,10.375,0.68994140625,0.07944831252098083,2.9615506491609267e-07,0.6190239191055298,backpack,sink,A man riding a bike down a street next to tall buildings.,"A bathroom with a sink, mirror, and towel rack.","A bathroom with a sink, mirror, and towel rack."
/home/atuin/g103ea/shared/coco2014/images/COCO_val2014_000000084540.jpg,/home/atuin/g103ea/shared/coco2014/images/COCO_val2014_000000552883.jpg,/home/atuin/g103ea/shared/concept_pair_switched/backpack_sink_20240706_060503.png,84540,552883,False,0.003,0.0012656250000000003,200,200,2.0,100.0,0.07,10.9609375,10.9140625,0.5625,10.9453125,0.75830078125,0.0877009928226471,1.1328840798796591e-07,0.5979133248329163,backpack,sink,Two people on bicycles riding down the street.,"A kitchen with a refrigerator, sink, and dishwasher.","A kitchen with a refrigerator, sink, and dishwasher."
/home/atuin/g103ea/shared/coco2014/images/COCO_val2014_000000257036.jpg,/home/atuin/g103ea/shared/coco2014/images/COCO_val2014_000000048910.jpg,/home/atuin/g103ea/shared/concept_pair_switched/backpack_sink_20240706_060523.png,257036,48910,False,0.003,0.0009492187500000002,200,200,2.0,100.0,0.07,9.4453125,9.4296875,0.31591796875,9.4296875,0.405029296875,0.07001730799674988,5.674225533880417e-08,0.31595826148986816,backpack,sink,A cat sitting on a chair next to a bicycle.,A kitchen with a white refrigerator freezer next to a  counter.,A kitchen with a white refrigerator freezer next to a  counter.
/home/atuin/g103ea/shared/coco2014/images/COCO_val2014_000000032124.jpg,/home/atuin/g103ea/shared/coco2014/images/COCO_val2014_000000214274.jpg,/home/atuin/g103ea/shared/concept_pair_switched/backpack_sink_20240706_060909.png,32124,214274,False,0.003,0.0012656250000000003,200,199,2.0,100.0,0.07,10.75,10.703125,0.346923828125,10.71875,0.38330078125,0.07010207325220108,8.439862853037994e-08,0.34713640809059143,backpack,sink,A woman sitting on the ground next to a bicycle.,A man and woman preparing food in a kitchen.,A man and woman preparing food in a kitchen.
/home/atuin/g103ea/shared/coco2014/images/COCO_val2014_000000032124.jpg,/home/atuin/g103ea/shared/coco2014/images/COCO_val2014_000000199575.jpg,/home/atuin/g103ea/shared/concept_pair_switched/backpack_sink_20240706_060955.png,32124,199575,False,0.003,0.0012656250000000003,200,199,2.0,100.0,0.07,10.296875,10.2890625,0.363037109375,10.3046875,0.48193359375,0.06998883187770844,3.60996246229206e-08,0.3630407154560089,backpack,sink,A woman sitting on the ground next to a bicycle.,A dog standing in a kitchen next to a stove.,A dog is standing in a kitchen with a stove and a sink.
/home/atuin/g103ea/shared/coco2014/images/COCO_val2014_000000048674.jpg,/home/atuin/g103ea/shared/coco2014/images/COCO_val2014_000000423165.jpg,/home/atuin/g103ea/shared/concept_pair_switched/backpack_sink_20240706_061031.png,48674,423165,False,0.003,0.0009492187500000002,200,200,2.0,100.0,0.07,10.9765625,10.9765625,0.20068359375,11.0,0.322021484375,0.06783977150917053,3.277799009993032e-08,0.20068687200546265,backpack,sink,A person standing on a sidewalk next to a wall.,"A bathroom with a toilet, sink, and mirror.","A bathroom with a toilet, sink, and mirror."
/home/atuin/g103ea/shared/coco2014/images/COCO_val2014_000000084540.jpg,/home/atuin/g103ea/shared/coco2014/images/COCO_val2014_000000309033.jpg,/home/atuin/g103ea/shared/concept_pair_switched/backpack_sink_20240706_061041.png,84540,309033,False,0.003,0.0016875000000000002,200,200,2.0,100.0,0.07,11.40625,11.4375,0.4384765625,11.453125,0.53857421875,0.07975559681653976,3.043074912056909e-07,0.4580181837081909,backpack,sink,Two people on bicycles riding down the street.,"A kitchen with a stove, sink, and refrigerator.","A kitchen with a stove, sink, and refrigerator."
/home/atuin/g103ea/shared/coco2014/images/COCO_val2014_000000154830.jpg,/home/atuin/g103ea/shared/coco2014/images/COCO_val2014_000000422350.jpg,/home/atuin/g103ea/shared/concept_pair_switched/backpack_sink_20240706_061223.png,154830,422350,False,0.003,0.0012656250000000003,200,200,2.0,100.0,0.07,9.7421875,9.703125,0.53466796875,9.765625,0.57763671875,0.079079270362854,4.666259485475166e-07,0.5528731942176819,backpack,sink,A man riding a bike down a street next to a traffic light.,A kitchen with a white refrigerator freezer next to a sink.,A kitchen with a white refrigerator freezer next to a sink.
/home/atuin/g103ea/shared/coco2014/images/COCO_val2014_000000134981.jpg,/home/atuin/g103ea/shared/coco2014/images/COCO_val2014_000000165257.jpg,/home/atuin/g103ea/shared/concept_pair_switched/backpack_sink_20240706_062554.png,134981,165257,False,0.003,0.0007119140625000001,200,200,2.0,100.0,0.07,10.7265625,10.75,0.23291015625,10.7734375,0.298583984375,0.15474209189414978,0.0,0.4023943543434143,backpack,sink,Two people walking in the snow with skis on.,"A kitchen with a stove, sink, cabinets and a counter top.","A kitchen with a stove, sink, cabinets and a counter top."
/home/atuin/g103ea/shared/coco2014/images/COCO_val2014_000000371330.jpg,/home/atuin/g103ea/shared/coco2014/images/COCO_val2014_000000310532.jpg,/home/atuin/g103ea/shared/concept_pair_switched/backpack_sink_20240706_063428.png,371330,310532,False,0.003,0.0012656250000000003,200,199,2.0,100.0,0.07,10.5625,10.46875,0.498779296875,10.3984375,0.66650390625,0.09627742320299149,1.7377278993535583e-07,0.5513515472412109,backpack,sink,A group of people standing around a plane.,"A bathroom with a toilet, sink, and bathtub.","A bathroom with a toilet, sink, and bathtub."
/home/atuin/g103ea/shared/coco2014/images/COCO_val2014_000000545594.jpg,/home/atuin/g103ea/shared/coco2014/images/COCO_val2014_000000074132.jpg,/home/atuin/g103ea/shared/concept_pair_switched/backpack_sink_20240706_063439.png,545594,74132,False,0.003,0.0016875000000000002,200,200,2.0,100.0,0.07,10.0625,10.0390625,0.41259765625,10.046875,0.603515625,0.07218284159898758,1.6391085466693767e-07,0.41697973012924194,backpack,sink,A woman with a backpack is standing on a bus.,"A bathroom with a sink, mirror and a bathtub.","A bathroom with a sink, mirror and a bathtub."
/home/atuin/g103ea/shared/coco2014/images/COCO_val2014_000000227463.jpg,/home/atuin/g103ea/shared/coco2014/images/COCO_val2014_000000026522.jpg,/home/atuin/g103ea/shared/concept_pair_switched/backpack_sink_20240706_063537.png,227463,26522,False,0.003,0.0012656250000000003,200,200,2.0,100.0,0.07,10.265625,10.1875,0.39697265625,10.1875,0.433837890625,0.07001827657222748,8.88916176222665e-08,0.39701807498931885,backpack,sink,A man sitting on a bench in a city.,A bathroom with a large mirror and a large tub.,A bathroom with a large mirror and a sink.
/home/atuin/g103ea/shared/coco2014/images/COCO_val2014_000000022129.jpg,/home/atuin/g103ea/shared/coco2014/images/COCO_val2014_000000095300.jpg,/home/atuin/g103ea/shared/concept_pair_switched/backpack_sink_20240706_063617.png,22129,95300,False,0.003,0.0022500000000000003,200,199,2.0,100.0,0.07,11.1484375,11.1328125,0.436767578125,11.109375,0.47119140625,0.07010204344987869,7.213661774585489e-07,0.43704381585121155,backpack,sink,A cat sitting on a wooden bench in the dirt.,A bathroom with blue and white tiles and a blue shower curtain.,A bathroom with blue and white tiles and a blue shower curtain.
/home/atuin/g103ea/shared/coco2014/images/COCO_val2014_000000378448.jpg,/home/atuin/g103ea/shared/coco2014/images/COCO_val2014_000000055544.jpg,/home/atuin/g103ea/shared/concept_pair_switched/backpack_sink_20240706_063820.png,378448,55544,False,0.003,0.0009492187500000002,200,200,2.0,100.0,0.07,9.9921875,9.984375,0.297119140625,9.96875,0.454833984375,0.08169616013765335,4.3466933163927024e-08,0.32051581144332886,backpack,sink,A backpack and a suitcase sitting on a tarmac.,"A kitchen with a refrigerator, stove, and cabinets.","A kitchen with a refrigerator, stove, and cabinets."
/home/atuin/g103ea/shared/coco2014/images/COCO_val2014_000000256055.jpg,/home/atuin/g103ea/shared/coco2014/images/COCO_val2014_000000375916.jpg,/home/atuin/g103ea/shared/concept_pair_switched/backpack_sink_20240706_063949.png,256055,375916,False,0.003,0.0016875000000000002,200,199,2.0,100.0,0.07,10.5859375,10.5390625,0.3271484375,10.5859375,0.37890625,0.06993813067674637,9.761714103717622e-09,0.3271494209766388,backpack,sink,A little girl holding a black bag while standing on a wooden bench.,"A bathroom with a toilet, sink, and a shower.","A bathroom with a toilet, sink, and shower."
/home/atuin/g103ea/shared/coco2014/images/COCO_val2014_000000370953.jpg,/home/atuin/g103ea/shared/coco2014/images/COCO_val2014_000000441225.jpg,/home/atuin/g103ea/shared/concept_pair_switched/backpack_sink_20240706_064038.png,370953,441225,False,0.003,0.0012656250000000003,200,198,2.0,100.0,0.07,10.515625,10.46875,0.463134765625,10.4453125,0.484375,0.07278349250555038,5.834187390973966e-07,0.46876010298728943,backpack,sink,A man and woman sitting on a bench next to each other.,"A bathroom with a sink, mirror, and bathtub.","A bathroom with a sink, mirror, and bathtub."
/home/atuin/g103ea/shared/coco2014/images/COCO_val2014_000000205002.jpg,/home/atuin/g103ea/shared/coco2014/images/COCO_val2014_000000329957.jpg,/home/atuin/g103ea/shared/concept_pair_switched/backpack_sink_20240706_064148.png,205002,329957,False,0.003,0.003,200,199,2.0,100.0,0.07,10.40625,10.25,0.7265625,10.3359375,0.84033203125,0.07012107968330383,1.1853812793560792e-05,0.7279900312423706,backpack,sink,A man sitting on a motorcycle in the street.,Two women in a kitchen with a sink and a refrigerator.,Two women in a kitchen with a sink and a refrigerator.
/home/atuin/g103ea/shared/coco2014/images/COCO_val2014_000000256055.jpg,/home/atuin/g103ea/shared/coco2014/images/COCO_val2014_000000280498.jpg,/home/atuin/g103ea/shared/concept_pair_switched/backpack_sink_20240706_064428.png,256055,280498,False,0.003,0.0016875000000000002,200,200,2.0,100.0,0.07,11.5703125,11.5390625,0.42041015625,11.5859375,0.49609375,0.06996041536331177,1.3151698396995926e-07,0.420423299074173,backpack,sink,A little girl holding a black bag while standing on a wooden bench.,A kitchen with a center island and a table with chairs.,A kitchen with a center island and a table.
/home/atuin/g103ea/shared/coco2014/images/COCO_val2014_000000291380.jpg,/home/atuin/g103ea/shared/coco2014/images/COCO_val2014_000000543961.jpg,/home/atuin/g103ea/shared/concept_pair_switched/backpack_sink_20240706_064744.png,291380,543961,False,0.003,0.0016875000000000002,200,199,2.0,100.0,0.07,11.78125,11.6875,0.60595703125,11.6640625,0.6630859375,0.06997416168451309,7.89837827142037e-07,0.6060360074043274,backpack,sink,A man sitting on the sidewalk next to a television.,A bathroom with a wooden cabinet and a white sink.,A bathroom with a wooden cabinet above a toilet.
/home/atuin/g103ea/shared/coco2014/images/COCO_val2014_000000263163.jpg,/home/atuin/g103ea/shared/coco2014/images/COCO_val2014_000000203661.jpg,/home/atuin/g103ea/shared/concept_pair_switched/backpack_sink_20240706_065030.png,263163,203661,False,0.003,0.0012656250000000003,200,196,2.0,100.0,0.07,10.8515625,10.78125,0.45947265625,10.7578125,0.493896484375,0.0944538563489914,5.308199888531817e-07,0.50843346118927,backpack,sink,A man sitting on a bench in front of a building.,"A kitchen with a table, sink, and a dishwasher.","A kitchen with a table, sink, and a dishwasher."
/home/atuin/g103ea/shared/coco2014/images/COCO_val2014_000000189103.jpg,/home/atuin/g103ea/shared/coco2014/images/COCO_val2014_000000287335.jpg,/home/atuin/g103ea/shared/concept_pair_switched/backpack_sink_20240706_065120.png,189103,287335,False,0.003,0.0016875000000000002,200,191,2.0,100.0,0.07,10.8359375,10.796875,0.328369140625,10.875,0.37353515625,0.07974402606487274,1.5769984429425676e-07,0.34787294268608093,backpack,sink,A man sitting on a bench talking on a cell phone.,A man standing in a kitchen with a window.,A man standing in a kitchen with a light on.
/home/atuin/g103ea/shared/coco2014/images/COCO_val2014_000000022129.jpg,/home/atuin/g103ea/shared/coco2014/images/COCO_val2014_000000559159.jpg,/home/atuin/g103ea/shared/concept_pair_switched/backpack_sink_20240706_065217.png,22129,559159,False,0.003,0.0016875000000000002,200,200,2.0,100.0,0.07,10.9765625,10.921875,0.6240234375,10.90625,0.6435546875,0.06998258829116821,3.480925556686998e-07,0.6240582466125488,backpack,sink,A cat sitting on a wooden bench in the dirt.,"A kitchen with a sink, stove, and cabinets.","A kitchen with a sink, stove, and cabinets."
/home/atuin/g103ea/shared/coco2014/images/COCO_val2014_000000003983.jpg,/home/atuin/g103ea/shared/coco2014/images/COCO_val2014_000000162280.jpg,/home/atuin/g103ea/shared/concept_pair_switched/backpack_sink_20240706_065822.png,3983,162280,False,0.003,0.0016875000000000002,200,199,2.0,100.0,0.07,11.296875,11.2890625,0.345458984375,11.3125,0.476318359375,0.07605306804180145,8.017635764190345e-07,0.35764527320861816,backpack,sink,A group of people standing around a snow covered ski slope.,"A bathroom with a sink, mirror and a shower curtain.","A bathroom with a sink, mirror and a shower curtain."
/home/atuin/g103ea/shared/coco2014/images/COCO_val2014_000000003983.jpg,/home/atuin/g103ea/shared/coco2014/images/COCO_val2014_000000051741.jpg,/home/atuin/g103ea/shared/concept_pair_switched/backpack_sink_20240706_070312.png,3983,51741,False,0.003,0.0012656250000000003,200,200,2.0,100.0,0.07,10.734375,10.7109375,0.33154296875,10.7265625,0.4013671875,0.06999515742063522,2.2087850481966598e-07,0.3315650522708893,backpack,sink,A group of people standing around a snow covered ski slope.,"A bathroom with a toilet, sink, and bathtub.","A bathroom with a toilet, sink, and bathtub."
/home/atuin/g103ea/shared/coco2014/images/COCO_val2014_000000003983.jpg,/home/atuin/g103ea/shared/coco2014/images/COCO_val2014_000000064474.jpg,/home/atuin/g103ea/shared/concept_pair_switched/backpack_sink_20240706_070410.png,3983,64474,False,0.003,0.0009492187500000002,200,199,2.0,100.0,0.07,10.921875,10.9140625,0.3798828125,10.9296875,0.440185546875,0.06997951120138168,1.8340350038670294e-07,0.37990114092826843,backpack,sink,A group of people standing around a snow covered ski slope.,A man is pouring something into a large pot.,A man is pouring something into a large pot.
/home/atuin/g103ea/shared/coco2014/images/COCO_val2014_000000003983.jpg,/home/atuin/g103ea/shared/coco2014/images/COCO_val2014_000000490711.jpg,/home/atuin/g103ea/shared/concept_pair_switched/backpack_sink_20240706_070420.png,3983,490711,False,0.003,0.0012656250000000003,200,200,2.0,100.0,0.07,10.8671875,10.859375,0.4453125,10.8828125,0.489501953125,0.07005514949560165,1.9715250232366088e-07,0.4454425275325775,backpack,sink,A group of people standing around a snow covered ski slope.,"A kitchen with a refrigerator, stove, and sink.","A kitchen with a refrigerator, stove, and sink."
/home/atuin/g103ea/shared/coco2014/images/COCO_val2014_000000003983.jpg,/home/atuin/g103ea/shared/coco2014/images/COCO_val2014_000000545101.jpg,/home/atuin/g103ea/shared/concept_pair_switched/backpack_sink_20240706_070449.png,3983,545101,False,0.003,0.0016875000000000002,200,199,2.0,100.0,0.07,10.65625,10.6171875,0.521484375,10.65625,0.65185546875,0.07738938927650452,2.9444032634273754e-07,0.5362926125526428,backpack,sink,A group of people standing around a snow covered ski slope.,"A kitchen with a stove, sink, and refrigerator.","A kitchen with a stove, sink, and refrigerator."
/home/atuin/g103ea/shared/coco2014/images/COCO_val2014_000000145651.jpg,/home/atuin/g103ea/shared/coco2014/images/COCO_val2014_000000303928.jpg,/home/atuin/g103ea/shared/concept_pair_switched/backpack_sink_20240706_070724.png,145651,303928,False,0.003,0.0005339355468750001,200,200,2.0,100.0,0.07,6.19140625,6.1796875,0.1236572265625,6.21484375,0.199462890625,0.09030797332525253,0.0,0.16427317261695862,backpack,sink,A small bedroom with a bed and a dresser.,"A bathroom with a shower, sink and toilet.","A bathroom with a shower, sink and toilet."
/home/atuin/g103ea/shared/coco2014/images/COCO_val2014_000000003983.jpg,/home/atuin/g103ea/shared/coco2014/images/COCO_val2014_000000409855.jpg,/home/atuin/g103ea/shared/concept_pair_switched/backpack_sink_20240706_071218.png,3983,409855,False,0.003,0.0016875000000000002,200,200,2.0,100.0,0.07,10.7265625,10.7109375,0.329345703125,10.7265625,0.5068359375,0.07000283151865005,5.15948670454236e-07,0.32940295338630676,backpack,sink,A group of people standing around a snow covered ski slope.,"A kitchen with a refrigerator, stove, sink and a microwave.","A kitchen with a refrigerator, stove, sink and a microwave."
/home/atuin/g103ea/shared/coco2014/images/COCO_val2014_000000003983.jpg,/home/atuin/g103ea/shared/coco2014/images/COCO_val2014_000000051191.jpg,/home/atuin/g103ea/shared/concept_pair_switched/backpack_sink_20240706_071241.png,3983,51191,False,0.003,0.0016875000000000002,200,196,2.0,100.0,0.07,11.078125,11.0625,0.2386474609375,11.09375,0.322265625,0.07229448854923248,3.9371840898638766e-07,0.24327580630779266,backpack,sink,A group of people standing around a snow covered ski slope.,A bathroom with a large tub and a walk in shower.,A bathroom with a large tub and a walk in shower.
/home/atuin/g103ea/shared/coco2014/images/COCO_val2014_000000003983.jpg,/home/atuin/g103ea/shared/coco2014/images/COCO_val2014_000000167898.jpg,/home/atuin/g103ea/shared/concept_pair_switched/backpack_sink_20240706_071424.png,3983,167898,False,0.003,0.0016875000000000002,200,198,2.0,100.0,0.07,10.2421875,10.2109375,0.44384765625,10.2109375,0.58349609375,0.06998230516910553,6.541362154166563e-07,0.443913072347641,backpack,sink,A group of people standing around a snow covered ski slope.,"A bathroom with a toilet, sink, and shower.","A bathroom with a toilet, sink, and shower."
/home/atuin/g103ea/shared/coco2014/images/COCO_val2014_000000444777.jpg,/home/atuin/g103ea/shared/coco2014/images/COCO_val2014_000000215691.jpg,/home/atuin/g103ea/shared/concept_pair_switched/backpack_sink_20240706_072331.png,444777,215691,False,0.003,0.0009492187500000002,200,196,2.0,100.0,0.07,9.171875,9.140625,0.2176513671875,9.265625,0.55029296875,0.08093636482954025,5.525273127915398e-09,0.23952464759349823,backpack,sink,A bunk bed with two bags of luggage on it.,"A kitchen with a stove, sink, and a dishwasher.","A kitchen with a stove, sink, and a dishwasher."
/home/atuin/g103ea/shared/coco2014/images/COCO_val2014_000000564820.jpg,/home/atuin/g103ea/shared/coco2014/images/COCO_val2014_000000347150.jpg,/home/atuin/g103ea/shared/concept_pair_switched/backpack_sink_20240706_072341.png,564820,347150,False,0.003,0.0012656250000000003,200,199,2.0,100.0,0.07,11.5625,11.53125,0.37353515625,11.515625,0.490234375,0.07971049100160599,2.464409760705166e-07,0.39298078417778015,backpack,sink,A table topped with lots of items and a bag.,"A bathroom with a toilet, sink, and shower.","A bathroom with a toilet, sink, and shower."
/home/atuin/g103ea/shared/coco2014/images/COCO_val2014_000000408248.jpg,/home/atuin/g103ea/shared/coco2014/images/COCO_val2014_000000560298.jpg,/home/atuin/g103ea/shared/concept_pair_switched/backpack_sink_20240706_072410.png,408248,560298,False,0.003,0.0016875000000000002,200,200,2.0,100.0,0.07,9.6328125,9.578125,0.295654296875,9.5859375,0.456787109375,0.08555562049150467,1.2847429786688735e-07,0.326778382062912,backpack,sink,A black backpack and a black suitcase on a wooden floor.,"A bathroom with a sink, tub, and toilet.","A bathroom with a sink, tub, and toilet."
/home/atuin/g103ea/shared/coco2014/images/COCO_val2014_000000229391.jpg,/home/atuin/g103ea/shared/coco2014/images/COCO_val2014_000000087929.jpg,/home/atuin/g103ea/shared/concept_pair_switched/backpack_sink_20240706_072550.png,229391,87929,False,0.003,0.0009492187500000002,200,200,2.0,100.0,0.07,11.4609375,11.3671875,0.5400390625,11.359375,0.75146484375,0.07001075893640518,6.960934229027771e-08,0.5400675535202026,backpack,sink,A truck with a dog in the back of it.,"A bathroom with a mirror, sink, and a toilet.","A bathroom with a mirror, sink, and a toilet."
/home/atuin/g103ea/shared/coco2014/images/COCO_val2014_000000466125.jpg,/home/atuin/g103ea/shared/coco2014/images/COCO_val2014_000000549954.jpg,/home/atuin/g103ea/shared/concept_pair_switched/backpack_sink_20240706_072618.png,466125,549954,False,0.003,0.0012656250000000003,200,200,2.0,100.0,0.07,11.0,10.9296875,0.453369140625,10.9375,0.49853515625,0.08998170495033264,8.557861974622938e-08,0.4933411180973053,backpack,sink,A little girl holding a pink umbrella over her head.,"A bathroom with a sink, a toilet and a bathtub.","A bathroom with a sink, a bathtub and a counter."
/home/atuin/g103ea/shared/coco2014/images/COCO_val2014_000000161609.jpg,/home/atuin/g103ea/shared/coco2014/images/COCO_val2014_000000064155.jpg,/home/atuin/g103ea/shared/concept_pair_switched/backpack_sink_20240706_072648.png,161609,64155,False,0.003,0.0009492187500000002,200,200,2.0,100.0,0.07,10.4921875,10.453125,0.5556640625,10.46875,0.96728515625,0.0754861906170845,1.3887731142858684e-07,0.5666503310203552,backpack,sink,A dog is sticking its head out of a backpack.,"A bathroom with a sink, mirror and a toilet.","A bathroom with a sink, mirror and a toilet."
/home/atuin/g103ea/shared/coco2014/images/COCO_val2014_000000426175.jpg,/home/atuin/g103ea/shared/coco2014/images/COCO_val2014_000000514682.jpg,/home/atuin/g103ea/shared/concept_pair_switched/backpack_sink_20240706_072734.png,426175,514682,False,0.003,0.0016875000000000002,200,200,2.0,100.0,0.07,9.390625,9.328125,0.493896484375,9.3125,0.5966796875,0.07008157670497894,5.393467290559784e-07,0.494113564491272,backpack,sink,A man standing next to a train with a bunch of luggage on it.,"A bathroom with a sink, toilet, and bathtub.","A bathroom with a sink, toilet, and bathtub."
/home/atuin/g103ea/shared/coco2014/images/COCO_val2014_000000244925.jpg,/home/atuin/g103ea/shared/coco2014/images/COCO_val2014_000000107084.jpg,/home/atuin/g103ea/shared/concept_pair_switched/backpack_sink_20240706_072815.png,244925,107084,False,0.003,0.0012656250000000003,200,200,2.0,100.0,0.07,10.1328125,10.015625,0.6572265625,10.0390625,0.7646484375,0.09163638204336166,3.1209305006996146e-07,0.7005305290222168,backpack,sink,A man holding a backpack and a camera.,A dark kitchen with a wine rack and a wine burner.,A dark kitchen with a light on in the corner.
/home/atuin/g103ea/shared/coco2014/images/COCO_val2014_000000506586.jpg,/home/atuin/g103ea/shared/coco2014/images/COCO_val2014_000000362026.jpg,/home/atuin/g103ea/shared/concept_pair_switched/backpack_sink_20240706_072828.png,506586,362026,False,0.003,0.0012656250000000003,200,195,2.0,100.0,0.07,10.6015625,10.5625,0.43115234375,10.5625,0.63623046875,0.08706746995449066,1.2099867774395534e-07,0.4652993679046631,backpack,sink,A cat is laying on a couch with a backpack.,A bathroom with a toilet and a shower stall.,A bathroom with a toilet and a shower stall.
/home/atuin/g103ea/shared/coco2014/images/COCO_val2014_000000093434.jpg,/home/atuin/g103ea/shared/coco2014/images/COCO_val2014_000000356533.jpg,/home/atuin/g103ea/shared/concept_pair_switched/backpack_sink_20240706_072943.png,93434,356533,False,0.003,0.0016875000000000002,200,200,2.0,100.0,0.07,10.4296875,10.3671875,0.6298828125,10.4609375,0.71875,0.09390698373317719,6.729817414452555e-08,0.6777034997940063,backpack,sink,Two young men standing next to a train.,A kitchen with white cabinets and a white sink.,A white kitchen with a white stove top oven.
/home/atuin/g103ea/shared/coco2014/images/COCO_val2014_000000137028.jpg,/home/atuin/g103ea/shared/coco2014/images/COCO_val2014_000000009668.jpg,/home/atuin/g103ea/shared/concept_pair_switched/backpack_sink_20240706_073020.png,137028,9668,False,0.003,0.0012656250000000003,200,200,2.0,100.0,0.07,10.6875,10.6484375,0.42724609375,10.65625,0.7509765625,0.07155545055866241,1.407189564872624e-08,0.4303583800792694,backpack,sink,A dog with a backpack on its back standing on the ground.,A kitchen with a white refrigerator and wooden cabinets.,"A kitchen with a sink, microwave and a clock."
/home/atuin/g103ea/shared/coco2014/images/COCO_val2014_000000093434.jpg,/home/atuin/g103ea/shared/coco2014/images/COCO_val2014_000000385103.jpg,/home/atuin/g103ea/shared/concept_pair_switched/backpack_sink_20240706_073038.png,93434,385103,False,0.003,0.0012656250000000003,200,199,2.0,100.0,0.07,10.921875,10.7890625,0.90869140625,10.90625,1.0478515625,0.09666744619607925,1.0277150153115144e-07,0.9620365500450134,backpack,sink,Two young men standing next to a train.,"A kitchen with a refrigerator, sink, and cabinets.","A kitchen with a refrigerator, sink, and cabinets."
/home/atuin/g103ea/shared/coco2014/images/COCO_val2014_000000253835.jpg,/home/atuin/g103ea/shared/coco2014/images/COCO_val2014_000000453159.jpg,/home/atuin/g103ea/shared/concept_pair_switched/backpack_sink_20240706_073057.png,253835,453159,False,0.003,0.0009492187500000002,200,200,2.0,100.0,0.07,10.4921875,10.453125,0.228515625,10.4375,0.3427734375,0.07691948115825653,1.8775978105622926e-08,0.24235646426677704,backpack,sink,A woman and a child waiting at a train station.,A kitchen with a red wall and a white stove top oven.,A kitchen with a red wall and a white stove top oven.
/home/atuin/g103ea/shared/coco2014/images/COCO_val2014_000000207093.jpg,/home/atuin/g103ea/shared/coco2014/images/COCO_val2014_000000363784.jpg,/home/atuin/g103ea/shared/concept_pair_switched/backpack_sink_20240706_073239.png,207093,363784,False,0.003,0.0009492187500000002,200,197,2.0,100.0,0.07,10.15625,10.1328125,0.1995849609375,10.125,0.327392578125,0.07408031076192856,1.3482264193953597e-09,0.2077457159757614,backpack,sink,A cat is laying inside of a black bag.,"A bathroom with a tub, sink and toilet.","A bathroom with a tub, sink and toilet."
/home/atuin/g103ea/shared/coco2014/images/COCO_val2014_000000057091.jpg,/home/atuin/g103ea/shared/coco2014/images/COCO_val2014_000000239082.jpg,/home/atuin/g103ea/shared/concept_pair_switched/backpack_sink_20240706_073248.png,57091,239082,False,0.003,0.0016875000000000002,200,199,2.0,100.0,0.07,10.6015625,10.546875,0.394287109375,10.5859375,0.50341796875,0.07401462644338608,1.0969770301016979e-06,0.4024260640144348,backpack,sink,A suitcase and other items are sitting on the floor.,A white toilet sitting next to a white bath tub.,A white toilet sitting next to a white bath tub.
/home/atuin/g103ea/shared/coco2014/images/COCO_val2014_000000334125.jpg,/home/atuin/g103ea/shared/coco2014/images/COCO_val2014_000000283816.jpg,/home/atuin/g103ea/shared/concept_pair_switched/backpack_sink_20240706_073357.png,334125,283816,False,0.003,0.0016875000000000002,200,200,2.0,100.0,0.07,10.140625,10.0,0.7421875,10.03125,0.79052734375,0.08211810886859894,5.153793267709261e-07,0.766475260257721,backpack,sink,A backpack with a backpack and a backpack cover.,"A kitchen with a table, chairs, and a refrigerator.","A kitchen with a table, chairs, and a refrigerator."
/home/atuin/g103ea/shared/coco2014/images/COCO_val2014_000000005577.jpg,/home/atuin/g103ea/shared/coco2014/images/COCO_val2014_000000212525.jpg,/home/atuin/g103ea/shared/concept_pair_switched/backpack_sink_20240706_073446.png,5577,212525,False,0.003,0.0009492187500000002,200,200,2.0,100.0,0.07,10.3515625,10.3359375,0.315673828125,10.34375,0.341552734375,0.07019096612930298,1.5583117374262656e-07,0.31607136130332947,backpack,sink,A cat sitting on top of a pile of clothes.,"A bathroom with a sink, mirror and a toilet.","A bathroom with a sink, mirror and a toilet."
/home/atuin/g103ea/shared/coco2014/images/COCO_val2014_000000503938.jpg,/home/atuin/g103ea/shared/coco2014/images/COCO_val2014_000000121215.jpg,/home/atuin/g103ea/shared/concept_pair_switched/backpack_sink_20240706_073453.png,503938,121215,False,0.003,0.0009492187500000002,200,197,2.0,100.0,0.07,10.21875,10.203125,0.2322998046875,10.21875,0.47265625,0.07930613309144974,3.16972802172355e-11,0.250912070274353,backpack,sink,A cat is standing on a suitcase and looking at the camera.,"A bathroom with a sink, toilet, and bathtub.","A bathroom with a sink, toilet, and bathtub."
/home/atuin/g103ea/shared/coco2014/images/COCO_val2014_000000079653.jpg,/home/atuin/g103ea/shared/coco2014/images/COCO_val2014_000000192291.jpg,/home/atuin/g103ea/shared/concept_pair_switched/backpack_sink_20240706_073555.png,79653,192291,False,0.003,0.0012656250000000003,200,199,2.0,100.0,0.07,10.8125,10.7265625,0.46728515625,10.7265625,0.491943359375,0.06883496046066284,1.0587136500816996e-07,0.46729573607444763,backpack,sink,A green backpack with a black handle and a black handle.,"A bathroom with a tub, sink, and toilet.","A bathroom with a tub, sink, and toilet."
/home/atuin/g103ea/shared/coco2014/images/COCO_val2014_000000258113.jpg,/home/atuin/g103ea/shared/coco2014/images/COCO_val2014_000000576160.jpg,/home/atuin/g103ea/shared/concept_pair_switched/backpack_sink_20240706_073703.png,258113,576160,False,0.003,0.0016875000000000002,200,199,2.0,100.0,0.07,10.5703125,10.53125,0.3544921875,10.5390625,0.3955078125,0.08428642153739929,1.0437854314204742e-07,0.383075475692749,backpack,sink,A banana is inside of a backpack.,"A bathroom with a sink, mirror and a toilet.","A bathroom with a sink, mirror and a toilet."
/home/atuin/g103ea/shared/coco2014/images/COCO_val2014_000000018893.jpg,/home/atuin/g103ea/shared/coco2014/images/COCO_val2014_000000237316.jpg,/home/atuin/g103ea/shared/concept_pair_switched/backpack_sink_20240706_073808.png,18893,237316,False,0.003,0.0009492187500000002,200,198,2.0,100.0,0.07,10.1640625,10.1640625,0.290771484375,10.1015625,0.5068359375,0.0808812826871872,0.0,0.31253403425216675,backpack,sink,A cat is sitting in a bag on the floor.,A white toilet sitting next to a white sink.,A white toilet sitting next to a white sink.
/home/atuin/g103ea/shared/coco2014/images/COCO_val2014_000000296775.jpg,/home/atuin/g103ea/shared/coco2014/images/COCO_val2014_000000577377.jpg,/home/atuin/g103ea/shared/concept_pair_switched/backpack_sink_20240706_073858.png,296775,577377,False,0.003,0.0012656250000000003,200,200,2.0,100.0,0.07,10.90625,10.8515625,0.470947265625,10.8203125,0.544921875,0.08995209634304047,1.3482562621902616e-07,0.5108649134635925,backpack,sink,A blue bus is parked at a bus stop.,A kitchen with red cabinets and a white refrigerator.,A kitchen with red cabinets and a white refrigerator.
/home/atuin/g103ea/shared/coco2014/images/COCO_val2014_000000339468.jpg,/home/atuin/g103ea/shared/coco2014/images/COCO_val2014_000000042492.jpg,/home/atuin/g103ea/shared/concept_pair_switched/backpack_sink_20240706_073945.png,339468,42492,False,0.003,0.0012656250000000003,200,194,2.0,100.0,0.07,10.5625,10.4765625,0.50732421875,10.3984375,0.60400390625,0.12269389629364014,1.4359370936745108e-07,0.6127263903617859,backpack,sink,A man with a backpack on a road.,A man standing in a kitchen next to a table.,A man standing in a kitchen next to a table.
/home/atuin/g103ea/shared/coco2014/images/COCO_val2014_000000114479.jpg,/home/atuin/g103ea/shared/coco2014/images/COCO_val2014_000000138819.jpg,/home/atuin/g103ea/shared/concept_pair_switched/backpack_sink_20240706_074008.png,114479,138819,False,0.003,0.0012656250000000003,200,200,2.0,100.0,0.07,9.8046875,9.796875,0.214599609375,9.8203125,0.36767578125,0.06992132216691971,3.157931161013039e-08,0.2146027684211731,backpack,sink,A couple of bags of luggage sitting on the ground.,A bathroom with a toilet and a sink.,A bathroom with a toilet and a sink.
/home/atuin/g103ea/shared/coco2014/images/COCO_val2014_000000032777.jpg,/home/atuin/g103ea/shared/coco2014/images/COCO_val2014_000000024323.jpg,/home/atuin/g103ea/shared/concept_pair_switched/backpack_sink_20240706_074019.png,32777,24323,False,0.003,0.0022500000000000003,200,197,2.0,100.0,0.07,11.0234375,10.9140625,0.806640625,10.90625,0.859375,0.08370333164930344,6.582311584679701e-07,0.8341131210327148,backpack,sink,A man standing on the platform next to a train.,"A bathroom with a sink, tub, and a window.","A bathroom with a sink, toilet and a tub."
/home/atuin/g103ea/shared/coco2014/images/COCO_val2014_000000032777.jpg,/home/atuin/g103ea/shared/coco2014/images/COCO_val2014_000000269287.jpg,/home/atuin/g103ea/shared/concept_pair_switched/backpack_sink_20240706_074233.png,32777,269287,False,0.003,0.0012656250000000003,200,200,2.0,100.0,0.07,10.90625,10.8515625,0.497314453125,10.8671875,0.57275390625,0.07732769846916199,6.539756896017934e-07,0.5120352506637573,backpack,sink,A man standing on the platform next to a train.,"A bathroom with a sink, toilet, and a mirror.","A bathroom with a sink, toilet, and a mirror."
/home/atuin/g103ea/shared/coco2014/images/COCO_val2014_000000266627.jpg,/home/atuin/g103ea/shared/coco2014/images/COCO_val2014_000000043771.jpg,/home/atuin/g103ea/shared/concept_pair_switched/backpack_sink_20240706_074352.png,266627,43771,False,0.003,0.0012656250000000003,200,199,2.0,100.0,0.07,9.4296875,9.40625,0.309326171875,9.390625,0.365478515625,0.06995458155870438,8.100226978058345e-08,0.30933427810668945,backpack,sink,A cat is sitting in a suitcase with a bunch of cats.,A bathroom with a toilet and a sink.,A bathroom with a toilet and a sink.
/home/atuin/g103ea/shared/coco2014/images/COCO_val2014_000000524245.jpg,/home/atuin/g103ea/shared/coco2014/images/COCO_val2014_000000397327.jpg,/home/atuin/g103ea/shared/concept_pair_switched/backpack_sink_20240706_074727.png,524245,397327,False,0.003,0.0012656250000000003,200,200,2.0,100.0,0.07,10.5859375,10.5390625,0.380859375,10.5390625,0.55810546875,0.09272700548171997,4.6340588255588955e-08,0.4263180196285248,backpack,sink,A small dog wearing a backpack and leash.,"A bathroom with a toilet, sink, and bathtub.",A white toilet sitting next to a white sink.
/home/atuin/g103ea/shared/coco2014/images/COCO_val2014_000000279818.jpg,/home/atuin/g103ea/shared/coco2014/images/COCO_val2014_000000437947.jpg,/home/atuin/g103ea/shared/concept_pair_switched/backpack_sink_20240706_074855.png,279818,437947,False,0.003,0.0022500000000000003,200,195,2.0,100.0,0.07,11.0546875,10.9921875,0.466552734375,10.9765625,0.57958984375,0.08023565262556076,2.4684530330887355e-07,0.4870487153530121,backpack,sink,A man sitting on a park bench next to a pile of garbage.,A kitchen with wooden cabinets and a black refrigerator.,A kitchen with wooden cabinets and a black refrigerator.
/home/atuin/g103ea/shared/coco2014/images/COCO_val2014_000000253835.jpg,/home/atuin/g103ea/shared/coco2014/images/COCO_val2014_000000325239.jpg,/home/atuin/g103ea/shared/concept_pair_switched/backpack_sink_20240706_074954.png,253835,325239,False,0.003,0.0016875000000000002,200,199,2.0,100.0,0.07,10.15625,10.109375,0.40283203125,10.140625,0.48486328125,0.07715722173452377,1.5712406309376092e-07,0.4171621799468994,backpack,sink,A woman and a child waiting at a train station.,A woman in a kitchen preparing food in an oven.,A woman in a kitchen preparing food in an oven.
/home/atuin/g103ea/shared/coco2014/images/COCO_val2014_000000524665.jpg,/home/atuin/g103ea/shared/coco2014/images/COCO_val2014_000000243857.jpg,/home/atuin/g103ea/shared/concept_pair_switched/backpack_sink_20240706_075058.png,524665,243857,False,0.003,0.0012656250000000003,200,199,2.0,100.0,0.07,9.890625,9.7734375,0.6611328125,9.78125,0.705078125,0.08004426956176758,1.5256050289735867e-07,0.6812366247177124,backpack,sink,A man and a dog standing on a rocky hillside.,"A kitchen with a stove, sink, refrigerator and dishwasher.","A kitchen with a stove, sink, refrigerator and dishwasher."
/home/atuin/g103ea/shared/coco2014/images/COCO_val2014_000000477673.jpg,/home/atuin/g103ea/shared/coco2014/images/COCO_val2014_000000034760.jpg,/home/atuin/g103ea/shared/concept_pair_switched/backpack_sink_20240706_075637.png,477673,34760,False,0.003,0.0012656250000000003,200,200,2.0,100.0,0.07,10.59375,10.578125,0.292724609375,10.59375,0.3349609375,0.09426744282245636,1.7654490136465029e-07,0.3412771224975586,backpack,sink,A kitten inside a backpack looking at the camera.,"A bathroom with a sink, toilet, and bathtub.","A bathroom with a sink, toilet, and bathtub."
/home/atuin/g103ea/shared/coco2014/images/COCO_val2014_000000262371.jpg,/home/atuin/g103ea/shared/coco2014/images/COCO_val2014_000000295756.jpg,/home/atuin/g103ea/shared/concept_pair_switched/backpack_sink_20240706_075647.png,262371,295756,False,0.003,0.0009492187500000002,200,198,2.0,100.0,0.07,10.8828125,10.8203125,0.52001953125,10.8125,0.61181640625,0.07001008838415146,1.3929235365139903e-07,0.5200536251068115,backpack,sink,A cat laying on top of a black bag.,A row of sinks sitting in a bathroom.,A row of sinks sitting in a bathroom.
/home/atuin/g103ea/shared/coco2014/images/COCO_val2014_000000266627.jpg,/home/atuin/g103ea/shared/coco2014/images/COCO_val2014_000000556633.jpg,/home/atuin/g103ea/shared/concept_pair_switched/backpack_sink_20240706_075738.png,266627,556633,False,0.003,0.0016875000000000002,200,196,2.0,100.0,0.07,10.5546875,10.515625,0.342041015625,10.5,0.578125,0.06991515308618546,2.56942144005734e-07,0.3420667052268982,backpack,sink,A cat is sitting in a suitcase with a bunch of cats.,A bathroom with a large mirror and a large tub.,A bathroom with a large mirror and a large window.
/home/atuin/g103ea/shared/coco2014/images/COCO_val2014_000000279521.jpg,/home/atuin/g103ea/shared/coco2014/images/COCO_val2014_000000452793.jpg,/home/atuin/g103ea/shared/concept_pair_switched/backpack_sink_20240706_075805.png,279521,452793,False,0.003,0.0016875000000000002,200,195,2.0,100.0,0.07,10.5859375,10.53125,0.5,10.546875,0.53173828125,0.06989748775959015,2.4057362679741345e-07,0.5000240802764893,backpack,sink,A group of people standing on the side of a street.,A kitchen with a stainless steel refrigerator and a black stove top oven.,A kitchen with a stainless steel refrigerator and a black stove top oven.
/home/atuin/g103ea/shared/coco2014/images/COCO_val2014_000000418761.jpg,/home/atuin/g103ea/shared/coco2014/images/COCO_val2014_000000183249.jpg,/home/atuin/g103ea/shared/concept_pair_switched/backpack_sink_20240706_081156.png,418761,183249,False,0.003,0.0016875000000000002,200,199,2.0,100.0,0.07,10.7109375,10.6171875,0.61279296875,10.625,0.775390625,0.07003721594810486,5.183406983633176e-07,0.612919270992279,backpack,sink,A person with a backpack and suit case in an airport.,"A kitchen with a refrigerator, sink, and a window.","A kitchen with a refrigerator, sink, and a window."
/home/atuin/g103ea/shared/coco2014/images/COCO_val2014_000000008599.jpg,/home/atuin/g103ea/shared/coco2014/images/COCO_val2014_000000104572.jpg,/home/atuin/g103ea/shared/concept_pair_switched/backpack_sink_20240706_081238.png,8599,104572,False,0.003,0.0016875000000000002,200,199,2.0,100.0,0.07,10.7265625,10.6953125,0.245849609375,10.6640625,0.306396484375,0.07006334513425827,1.0102699832259532e-07,0.24598640203475952,backpack,sink,A man and woman carrying luggage on a motorcycle.,"A bathroom with a sink, mirror and a shower.","A bathroom with a sink, mirror and a shower."
/home/atuin/g103ea/shared/coco2014/images/COCO_val2014_000000154202.jpg,/home/atuin/g103ea/shared/coco2014/images/COCO_val2014_000000465327.jpg,/home/atuin/g103ea/shared/concept_pair_switched/backpack_sink_20240706_081402.png,154202,465327,False,0.003,0.0012656250000000003,200,200,2.0,100.0,0.07,9.7734375,9.7578125,0.316650390625,9.75,0.388671875,0.08798723667860031,1.1112457798390096e-07,0.3526359796524048,backpack,sink,"A laptop, cell phone, and other items laid out on a bed.","A kitchen with a stove, sink, and a refrigerator.","A kitchen with a stove, sink, and a refrigerator."
/home/atuin/g103ea/shared/coco2014/images/COCO_val2014_000000156372.jpg,/home/atuin/g103ea/shared/coco2014/images/COCO_val2014_000000376310.jpg,/home/atuin/g103ea/shared/concept_pair_switched/backpack_sink_20240706_081525.png,156372,376310,False,0.003,0.0009492187500000002,200,199,2.0,100.0,0.07,10.578125,10.5703125,0.2110595703125,10.5546875,0.283935546875,0.106303870677948,1.0254943560994434e-08,0.2836683392524719,backpack,sink,A chair and a table in a small room.,A bathroom with two sinks and a mirror.,A bathroom with two sinks and a mirror.
/home/atuin/g103ea/shared/coco2014/images/COCO_val2014_000000052066.jpg,/home/atuin/g103ea/shared/coco2014/images/COCO_val2014_000000262682.jpg,/home/atuin/g103ea/shared/concept_pair_switched/backpack_sink_20240706_081544.png,52066,262682,False,0.003,0.0016875000000000002,200,195,2.0,100.0,0.07,9.40625,9.390625,0.469970703125,9.421875,0.5498046875,0.06991764903068542,2.708837882892112e-07,0.4699977934360504,backpack,sink,A man standing on a platform next to a train.,"A kitchen with a stove, sink, and a window.","A kitchen with a stove, sink, and a window."
/home/atuin/g103ea/shared/coco2014/images/COCO_val2014_000000170992.jpg,/home/atuin/g103ea/shared/coco2014/images/COCO_val2014_000000228604.jpg,/home/atuin/g103ea/shared/concept_pair_switched/backpack_sink_20240706_081634.png,170992,228604,False,0.003,0.0012656250000000003,200,199,2.0,100.0,0.07,10.71875,10.6796875,0.40771484375,10.6875,0.49462890625,0.07003486156463623,2.3173771523943287e-07,0.40780776739120483,backpack,sink,A woman sitting on a bench next to a red fire hydrant.,A little girl standing in front of a mirror.,A little girl standing in front of a mirror.
/home/atuin/g103ea/shared/coco2014/images/COCO_val2014_000000440110.jpg,/home/atuin/g103ea/shared/coco2014/images/COCO_val2014_000000290750.jpg,/home/atuin/g103ea/shared/concept_pair_switched/backpack_sink_20240706_081724.png,440110,290750,False,0.003,0.0012656250000000003,200,200,2.0,100.0,0.07,10.6953125,10.609375,0.46728515625,10.6171875,0.50146484375,0.07000339776277542,2.331949104927844e-07,0.4673152565956116,backpack,sink,A woman walking down a street next to a building.,A group of people standing in a kitchen.,A group of people standing in a kitchen.
/home/atuin/g103ea/shared/coco2014/images/COCO_val2014_000000418761.jpg,/home/atuin/g103ea/shared/coco2014/images/COCO_val2014_000000185512.jpg,/home/atuin/g103ea/shared/concept_pair_switched/backpack_sink_20240706_081822.png,418761,185512,False,0.003,0.0009492187500000002,200,198,2.0,100.0,0.07,9.6640625,9.578125,0.45263671875,9.6015625,0.51220703125,0.06992650777101517,1.7807008134695934e-07,0.45265454053878784,backpack,sink,A person with a backpack and suit case in an airport.,"A bathroom with a toilet, sink, and a window.","A bathroom with a toilet, sink, and a window."
/home/atuin/g103ea/shared/coco2014/images/COCO_val2014_000000221044.jpg,/home/atuin/g103ea/shared/coco2014/images/COCO_val2014_000000224736.jpg,/home/atuin/g103ea/shared/concept_pair_switched/backpack_sink_20240706_082026.png,221044,224736,False,0.003,0.0012656250000000003,200,197,2.0,100.0,0.07,9.9921875,9.953125,0.30712890625,9.890625,0.379150390625,0.09083367139101028,1.1648833719846152e-07,0.3488079011440277,backpack,sink,A group of people walking down a hallway carrying luggage.,A kitchen with a lot of dirty dishes.,A kitchen with a lot of dirty dishes.
/home/atuin/g103ea/shared/coco2014/images/COCO_val2014_000000233119.jpg,/home/atuin/g103ea/shared/coco2014/images/COCO_val2014_000000066231.jpg,/home/atuin/g103ea/shared/concept_pair_switched/backpack_sink_20240706_082106.png,233119,66231,False,0.003,0.0016875000000000002,200,191,2.0,100.0,0.07,9.5703125,9.5390625,0.2337646484375,9.5390625,0.3388671875,0.07018808275461197,1.4920513535798818e-07,0.23415572941303253,backpack,sink,A person pulling a suitcase across a street.,A group of chefs preparing food in a kitchen.,A group of chefs preparing food in a kitchen.
/home/atuin/g103ea/shared/coco2014/images/COCO_val2014_000000156372.jpg,/home/atuin/g103ea/shared/coco2014/images/COCO_val2014_000000514537.jpg,/home/atuin/g103ea/shared/concept_pair_switched/backpack_sink_20240706_082206.png,156372,514537,False,0.003,0.0012656250000000003,200,198,2.0,100.0,0.07,10.765625,10.703125,0.525390625,10.640625,0.564453125,0.10883630067110062,2.7680169267796373e-09,0.6030635237693787,backpack,sink,A chair and a table in a small room.,A cat drinking water from a toilet bowl.,A cat drinking water from a toilet bowl.
/home/atuin/g103ea/shared/coco2014/images/COCO_val2014_000000416159.jpg,/home/atuin/g103ea/shared/coco2014/images/COCO_val2014_000000144941.jpg,/home/atuin/g103ea/shared/concept_pair_switched/backpack_sink_20240706_082242.png,416159,144941,False,0.003,0.0012656250000000003,200,197,2.0,100.0,0.07,10.2890625,10.2734375,0.37060546875,10.25,0.40283203125,0.0827898234128952,3.6598433439394285e-07,0.39622169733047485,backpack,sink,A group of people walking down a street.,"A bathroom with a toilet, sink, and a plant.","A bathroom with a toilet, sink, and a plant."
/home/atuin/g103ea/shared/coco2014/images/COCO_val2014_000000351810.jpg,/home/atuin/g103ea/shared/coco2014/images/COCO_val2014_000000136920.jpg,/home/atuin/g103ea/shared/concept_pair_switched/backpack_sink_20240706_082507.png,351810,136920,False,0.003,0.0009492187500000002,200,199,2.0,100.0,0.07,9.96875,9.96875,0.248291015625,9.96875,0.476806640625,0.07099153101444244,1.6799310387227706e-08,0.25027573108673096,backpack,sink,A group of people standing around with their luggage.,A bathroom with a white toilet next to a sink.,A bathroom with a white toilet next to a sink.
/home/atuin/g103ea/shared/coco2014/images/COCO_val2014_000000309633.jpg,/home/atuin/g103ea/shared/coco2014/images/COCO_val2014_000000014282.jpg,/home/atuin/g103ea/shared/concept_pair_switched/backpack_sink_20240706_082545.png,309633,14282,False,0.003,0.0012656250000000003,200,200,2.0,100.0,0.07,10.46875,10.453125,0.208984375,10.453125,0.27294921875,0.06978060305118561,8.432615317133241e-08,0.20899280905723572,backpack,sink,A pile of luggage sitting next to a  wooden table.,A bathroom with a large mirror and a large sink.,A bathroom with a large mirror and a large sink.
/home/atuin/g103ea/shared/coco2014/images/COCO_val2014_000000416159.jpg,/home/atuin/g103ea/shared/coco2014/images/COCO_val2014_000000078260.jpg,/home/atuin/g103ea/shared/concept_pair_switched/backpack_sink_20240706_082627.png,416159,78260,False,0.003,0.0022500000000000003,200,199,2.0,100.0,0.07,11.8515625,11.796875,0.55712890625,11.8125,0.7236328125,0.09063946455717087,3.7466938920260873e-06,0.5987825393676758,backpack,sink,A group of people walking down a street.,"A kitchen with a table, sink, and refrigerator.","A kitchen with a table, sink, and refrigerator."
/home/atuin/g103ea/shared/coco2014/images/COCO_val2014_000000512151.jpg,/home/atuin/g103ea/shared/coco2014/images/COCO_val2014_000000138124.jpg,/home/atuin/g103ea/shared/concept_pair_switched/backpack_sink_20240706_082637.png,512151,138124,False,0.003,0.0012656250000000003,200,199,2.0,100.0,0.07,8.984375,8.96875,0.330322265625,8.921875,0.388427734375,0.07257558405399323,1.8896615472385747e-07,0.3354923129081726,backpack,sink,A person sitting on a train with a bag and a backpack.,"A bathroom with a toilet, sink, and bathtub.","A bathroom with a toilet, sink, and bathtub."
/home/atuin/g103ea/shared/coco2014/images/COCO_val2014_000000297349.jpg,/home/atuin/g103ea/shared/coco2014/images/COCO_val2014_000000328091.jpg,/home/atuin/g103ea/shared/concept_pair_switched/backpack_sink_20240706_082647.png,297349,328091,False,0.003,0.0012656250000000003,200,200,2.0,100.0,0.07,11.203125,11.1484375,0.426025390625,11.1328125,0.515625,0.07154347002506256,7.382455891047357e-08,0.42911970615386963,backpack,sink,A group of people standing around a wooden fence.,A bathroom sink with a toothbrush holder and toothpaste on the counter.,A bathroom sink with a toothbrush holder and toothpaste on the counter.
/home/atuin/g103ea/shared/coco2014/images/COCO_val2014_000000309633.jpg,/home/atuin/g103ea/shared/coco2014/images/COCO_val2014_000000080652.jpg,/home/atuin/g103ea/shared/concept_pair_switched/backpack_sink_20240706_082752.png,309633,80652,False,0.003,0.0022500000000000003,200,195,2.0,100.0,0.07,10.546875,10.5625,0.28466796875,10.5390625,0.33203125,0.06970963627099991,4.568955205286329e-07,0.28471365571022034,backpack,sink,A pile of luggage sitting next to a  wooden table.,A kitchen with a center island and a table with chairs.,A kitchen with a center island and a table with chairs.
/home/atuin/g103ea/shared/coco2014/images/COCO_val2014_000000502327.jpg,/home/atuin/g103ea/shared/coco2014/images/COCO_val2014_000000120535.jpg,/home/atuin/g103ea/shared/concept_pair_switched/backpack_sink_20240706_082820.png,502327,120535,False,0.003,0.0016875000000000002,200,200,2.0,100.0,0.07,10.46875,10.421875,0.32421875,10.390625,0.74462890625,0.07019110769033432,2.731165409386449e-07,0.3246282637119293,backpack,sink,A man in a suit and tie standing in front of a luggage carousel.,"A kitchen with a table, chairs, and a television.",A kitchen with a table and a television.
/home/atuin/g103ea/shared/coco2014/images/COCO_val2014_000000309633.jpg,/home/atuin/g103ea/shared/coco2014/images/COCO_val2014_000000290868.jpg,/home/atuin/g103ea/shared/concept_pair_switched/backpack_sink_20240706_082947.png,309633,290868,False,0.003,0.0016875000000000002,200,199,2.0,100.0,0.07,11.3671875,11.3359375,0.4833984375,11.328125,0.60546875,0.06989748030900955,3.1958131785359e-07,0.4834303855895996,backpack,sink,A pile of luggage sitting next to a  wooden table.,A woman and child in a kitchen with a sink.,A woman and a child standing in a kitchen.
/home/atuin/g103ea/shared/coco2014/images/COCO_val2014_000000191314.jpg,/home/atuin/g103ea/shared/coco2014/images/COCO_val2014_000000539251.jpg,/home/atuin/g103ea/shared/concept_pair_switched/backpack_sink_20240706_083108.png,191314,539251,False,0.003,0.0012656250000000003,200,199,2.0,100.0,0.07,10.625,10.5546875,0.50439453125,10.59375,0.67578125,0.07159870862960815,1.6585417483838683e-07,0.5076085329055786,backpack,sink,A group of people standing around a room with luggage.,A man taking a picture of himself in a bathroom mirror.,A man taking a picture of himself in a bathroom mirror.
/home/atuin/g103ea/shared/coco2014/images/COCO_val2014_000000309633.jpg,/home/atuin/g103ea/shared/coco2014/images/COCO_val2014_000000542145.jpg,/home/atuin/g103ea/shared/concept_pair_switched/backpack_sink_20240706_083151.png,309633,542145,False,0.003,0.0012656250000000003,200,200,2.0,100.0,0.07,10.5078125,10.484375,0.397705078125,10.4921875,0.6923828125,0.06985317170619965,1.835120855275818e-07,0.3977234363555908,backpack,sink,A pile of luggage sitting next to a  wooden table.,"A bathroom with a toilet, sink, and mirror.","A bathroom with a toilet, sink, and mirror."
/home/atuin/g103ea/shared/coco2014/images/COCO_val2014_000000216417.jpg,/home/atuin/g103ea/shared/coco2014/images/COCO_val2014_000000103585.jpg,/home/atuin/g103ea/shared/concept_pair_switched/backpack_sink_20240706_083208.png,216417,103585,False,0.003,0.0009492187500000002,200,199,2.0,100.0,0.07,11.6484375,11.6171875,0.336181640625,11.6484375,0.422607421875,0.10101079195737839,2.1190781768209987e-11,0.3982032239437103,backpack,sink,A man with a backpack and a small dog on skis.,"A bathroom with a sink, mirror, and towel rack.","A bathroom with a sink, mirror, and towel rack."
/home/atuin/g103ea/shared/coco2014/images/COCO_val2014_000000233119.jpg,/home/atuin/g103ea/shared/coco2014/images/COCO_val2014_000000280972.jpg,/home/atuin/g103ea/shared/concept_pair_switched/backpack_sink_20240706_083450.png,233119,280972,False,0.003,0.0012656250000000003,200,197,2.0,100.0,0.07,9.6640625,9.609375,0.33935546875,9.578125,0.356201171875,0.08031226694583893,7.027623638578007e-08,0.3599870204925537,backpack,sink,A person pulling a suitcase across a street.,A person is standing on a toilet in a bathroom.,A person is standing on a toilet in a bathroom.
/home/atuin/g103ea/shared/coco2014/images/COCO_val2014_000000178175.jpg,/home/atuin/g103ea/shared/coco2014/images/COCO_val2014_000000425569.jpg,/home/atuin/g103ea/shared/concept_pair_switched/backpack_sink_20240706_083702.png,178175,425569,False,0.003,0.0012656250000000003,200,200,2.0,100.0,0.07,10.015625,9.9765625,0.327880859375,9.9765625,0.439208984375,0.06963499635457993,3.103006065430236e-07,0.3279118835926056,backpack,sink,A group of people sitting on benches near a river.,A kitchen with a lot of stainless steel appliances.,A kitchen with a lot of stainless steel appliances.
/home/atuin/g103ea/shared/coco2014/images/COCO_val2014_000000515779.jpg,/home/atuin/g103ea/shared/coco2014/images/COCO_val2014_000000468885.jpg,/home/atuin/g103ea/shared/concept_pair_switched/backpack_sink_20240706_083853.png,515779,468885,False,0.003,0.0016875000000000002,200,196,2.0,100.0,0.07,11.2421875,11.1484375,0.459716796875,11.15625,0.50537109375,0.07977128028869629,1.357364425302876e-07,0.4792729318141937,backpack,sink,A man is smiling while holding a bunch of luggage.,A bathroom with a white toilet and a wooden cabinet.,A bathroom with a white toilet and a wooden cabinet.
/home/atuin/g103ea/shared/coco2014/images/COCO_val2014_000000515779.jpg,/home/atuin/g103ea/shared/coco2014/images/COCO_val2014_000000480793.jpg,/home/atuin/g103ea/shared/concept_pair_switched/backpack_sink_20240706_084111.png,515779,480793,False,0.003,0.0016875000000000002,200,196,2.0,100.0,0.07,11.0859375,11.03125,0.307861328125,11.0234375,0.472900390625,0.0712340846657753,1.9649829141599184e-07,0.31034913659095764,backpack,sink,A man is smiling while holding a bunch of luggage.,"A bathroom with a toilet, shower, and sink.","A bathroom with a toilet, sink, and shower."
/home/atuin/g103ea/shared/coco2014/images/COCO_val2014_000000178175.jpg,/home/atuin/g103ea/shared/coco2014/images/COCO_val2014_000000357567.jpg,/home/atuin/g103ea/shared/concept_pair_switched/backpack_sink_20240706_084407.png,178175,357567,False,0.003,0.003,200,197,2.0,100.0,0.07,11.359375,11.3125,0.63037109375,11.1953125,1.0361328125,0.07070059329271317,6.568016033270396e-06,0.6324290633201599,backpack,sink,A group of people sitting on benches near a river.,A bathroom with a shower curtain that has a blue and white pattern.,A bathroom with a shower curtain and a blue rug.
/home/atuin/g103ea/shared/coco2014/images/COCO_val2014_000000266866.jpg,/home/atuin/g103ea/shared/coco2014/images/COCO_val2014_000000558671.jpg,/home/atuin/g103ea/shared/concept_pair_switched/backpack_sink_20240706_084457.png,266866,558671,False,0.003,0.0012656250000000003,200,199,2.0,100.0,0.07,10.9296875,10.8046875,0.96923828125,10.84375,1.0126953125,0.09174083918333054,3.5074342008556414e-07,1.012755036354065,backpack,sink,A person crossing the street with an umbrella.,A man is standing in a kitchen with a dog.,A man is standing in a kitchen with a dog.
/home/atuin/g103ea/shared/coco2014/images/COCO_val2014_000000511341.jpg,/home/atuin/g103ea/shared/coco2014/images/COCO_val2014_000000154324.jpg,/home/atuin/g103ea/shared/concept_pair_switched/backpack_sink_20240706_084915.png,511341,154324,False,0.003,0.0016875000000000002,200,200,2.0,100.0,0.07,10.5625,10.484375,0.62255859375,10.46875,0.73095703125,0.07274318486452103,1.978589125428698e-06,0.6282428503036499,backpack,sink,A man walking down a street holding an umbrella.,A bathroom with a shower curtain that has a picture of a man on it.,A bathroom with a shower curtain and a window.
/home/atuin/g103ea/shared/coco2014/images/COCO_val2014_000000178175.jpg,/home/atuin/g103ea/shared/coco2014/images/COCO_val2014_000000221307.jpg,/home/atuin/g103ea/shared/concept_pair_switched/backpack_sink_20240706_084926.png,178175,221307,False,0.003,0.0016875000000000002,200,196,2.0,100.0,0.07,10.0078125,9.9453125,0.34765625,9.9375,0.50390625,0.06963945925235748,5.704339400836034e-07,0.34771329164505005,backpack,sink,A group of people sitting on benches near a river.,A bathroom with a large mirror and a large bathtub.,A bathroom with a large mirror and a large bathtub.
/home/atuin/g103ea/shared/coco2014/images/COCO_val2014_000000297349.jpg,/home/atuin/g103ea/shared/coco2014/images/COCO_val2014_000000283816.jpg,/home/atuin/g103ea/shared/concept_pair_switched/backpack_sink_20240706_085146.png,297349,283816,False,0.003,0.0012656250000000003,200,200,2.0,100.0,0.07,8.7421875,8.6484375,0.529296875,8.671875,0.5859375,0.07002735137939453,1.4102707268648373e-07,0.5293657183647156,backpack,sink,A group of people standing around a wooden fence.,"A kitchen with a table, chairs, and a refrigerator.","A kitchen with a table, chairs, and a refrigerator."
/home/atuin/g103ea/shared/coco2014/images/COCO_val2014_000000297349.jpg,/home/atuin/g103ea/shared/coco2014/images/COCO_val2014_000000336937.jpg,/home/atuin/g103ea/shared/concept_pair_switched/backpack_sink_20240706_085543.png,297349,336937,False,0.003,0.0012656250000000003,200,200,2.0,100.0,0.07,10.2421875,10.203125,0.50927734375,10.15625,0.55908203125,0.07036092132329941,7.489374809210858e-08,0.5100066661834717,backpack,sink,A group of people standing around a wooden fence.,A row of white toilets sitting next to each other.,A large number of toilets in a stadium.
/home/atuin/g103ea/shared/coco2014/images/COCO_val2014_000000191314.jpg,/home/atuin/g103ea/shared/coco2014/images/COCO_val2014_000000027285.jpg,/home/atuin/g103ea/shared/concept_pair_switched/backpack_sink_20240706_085554.png,191314,27285,False,0.003,0.0012656250000000003,200,200,2.0,100.0,0.07,10.890625,10.8671875,0.30126953125,10.890625,0.498046875,0.0726720467209816,1.626002017474093e-07,0.30662989616394043,backpack,sink,A group of people standing around a room with luggage.,"A kitchen with a stove, refrigerator, and a microwave.","A kitchen with a stove, refrigerator, and a microwave."
/home/atuin/g103ea/shared/coco2014/images/COCO_val2014_000000309633.jpg,/home/atuin/g103ea/shared/coco2014/images/COCO_val2014_000000497443.jpg,/home/atuin/g103ea/shared/concept_pair_switched/backpack_sink_20240706_085635.png,309633,497443,False,0.003,0.0016875000000000002,200,200,2.0,100.0,0.07,11.7421875,11.640625,0.55517578125,11.625,0.7080078125,0.07001863420009613,6.941212404854014e-07,0.555282473564148,backpack,sink,A pile of luggage sitting next to a  wooden table.,A black cat sitting in a bathroom sink.,A black cat sitting in a bathtub next to a faucet.
/home/atuin/g103ea/shared/coco2014/images/COCO_val2014_000000351810.jpg,/home/atuin/g103ea/shared/coco2014/images/COCO_val2014_000000553129.jpg,/home/atuin/g103ea/shared/concept_pair_switched/backpack_sink_20240706_090433.png,351810,553129,False,0.003,0.0009492187500000002,200,199,2.0,100.0,0.07,9.359375,9.3359375,0.178955078125,9.3125,0.394287109375,0.06996803730726242,7.290277714844251e-09,0.1789558082818985,backpack,sink,A group of people standing around with their luggage.,"A kitchen with a refrigerator, stove, sink and a microwave.","A kitchen with a refrigerator, stove, sink and a microwave."
/home/atuin/g103ea/shared/coco2014/images/COCO_val2014_000000009679.jpg,/home/atuin/g103ea/shared/coco2014/images/COCO_val2014_000000460378.jpg,/home/atuin/g103ea/shared/concept_pair_switched/backpack_sink_20240706_090712.png,9679,460378,False,0.003,0.0016875000000000002,200,198,2.0,100.0,0.07,10.828125,10.8125,0.2279052734375,10.8046875,0.349609375,0.06991472840309143,3.1948525247571524e-07,0.2279372215270996,backpack,sink,A bunch of luggage that is on the ground.,"A kitchen with a sink, stove, and refrigerator.","A kitchen with a sink, stove, and refrigerator."
/home/atuin/g103ea/shared/coco2014/images/COCO_val2014_000000351810.jpg,/home/atuin/g103ea/shared/coco2014/images/COCO_val2014_000000399832.jpg,/home/atuin/g103ea/shared/concept_pair_switched/backpack_sink_20240706_090725.png,351810,399832,False,0.003,0.0009492187500000002,200,200,2.0,100.0,0.07,10.0,9.9921875,0.273193359375,9.96875,0.487060546875,0.07508278638124466,3.1863633953577164e-09,0.28335925936698914,backpack,sink,A group of people standing around with their luggage.,A kitchen with a large metal refrigerator freezer.,A kitchen with a large metal refrigerator freezer.
/home/atuin/g103ea/shared/coco2014/images/COCO_val2014_000000309633.jpg,/home/atuin/g103ea/shared/coco2014/images/COCO_val2014_000000577521.jpg,/home/atuin/g103ea/shared/concept_pair_switched/backpack_sink_20240706_091316.png,309633,577521,False,0.003,0.0016875000000000002,200,198,2.0,100.0,0.07,9.96875,9.9296875,0.345458984375,9.9375,0.5673828125,0.07015027105808258,3.144714924019354e-07,0.34579095244407654,backpack,sink,A pile of luggage sitting next to a  wooden table.,"A bathroom with a toilet, sink, and shower.","A bathroom with a toilet, sink, and shower."
/home/atuin/g103ea/shared/coco2014/images/COCO_val2014_000000279895.jpg,/home/atuin/g103ea/shared/coco2014/images/COCO_val2014_000000410533.jpg,/home/atuin/g103ea/shared/concept_pair_switched/backpack_sink_20240706_091709.png,279895,410533,False,0.003,0.0022500000000000003,200,199,2.0,100.0,0.07,11.78125,11.4375,1.4501953125,11.4609375,1.482421875,0.12218461185693741,4.627910357157816e-07,1.5546107292175293,backpack,sink,A group of men standing around a man in a classroom.,A cat sitting in a sink in a bathroom.,A cat sitting in a sink in a bathroom.
/home/atuin/g103ea/shared/coco2014/images/COCO_val2014_000000279895.jpg,/home/atuin/g103ea/shared/coco2014/images/COCO_val2014_000000419051.jpg,/home/atuin/g103ea/shared/concept_pair_switched/backpack_sink_20240706_091718.png,279895,419051,False,0.003,0.0022500000000000003,200,199,2.0,100.0,0.07,11.9765625,11.6953125,1.189453125,11.75,1.291015625,0.11885237693786621,8.367227337657823e-07,1.2872415781021118,backpack,sink,A group of men standing around a man in a classroom.,A cat is standing in a bathroom sink.,A cat is licking itself in a bathroom sink.
/home/atuin/g103ea/shared/coco2014/images/COCO_val2014_000000279895.jpg,/home/atuin/g103ea/shared/coco2014/images/COCO_val2014_000000203119.jpg,/home/atuin/g103ea/shared/concept_pair_switched/backpack_sink_20240706_091728.png,279895,203119,False,0.003,0.0012656250000000003,200,199,2.0,100.0,0.07,10.2734375,10.2109375,0.359619140625,10.2421875,0.417724609375,0.10530111193656921,4.0375191190378246e-08,0.4302254021167755,backpack,sink,A group of men standing around a man in a classroom.,A man in a tie and shirt stands in a kitchen.,A man in a red shirt and tie standing in a kitchen.
/home/atuin/g103ea/shared/coco2014/images/COCO_val2014_000000279895.jpg,/home/atuin/g103ea/shared/coco2014/images/COCO_val2014_000000423380.jpg,/home/atuin/g103ea/shared/concept_pair_switched/backpack_sink_20240706_091738.png,279895,423380,False,0.003,0.0022500000000000003,200,199,2.0,100.0,0.07,11.84375,11.6484375,1.076171875,11.6796875,1.10546875,0.11961904168128967,1.353505467704963e-06,1.1755452156066895,backpack,sink,A group of men standing around a man in a classroom.,A cat sitting in a bathroom sink next to a tub.,A cat sitting in a bathroom sink next to a faucet.
/home/atuin/g103ea/shared/coco2014/images/COCO_val2014_000000209018.jpg,/home/atuin/g103ea/shared/coco2014/images/COCO_val2014_000000483447.jpg,/home/atuin/g103ea/shared/concept_pair_switched/backpack_sink_20240706_091818.png,209018,483447,False,0.003,0.0022500000000000003,200,200,2.0,100.0,0.07,11.4296875,11.328125,0.69970703125,11.3203125,0.765625,0.10114286839962006,1.6717417565814685e-06,0.7621599435806274,backpack,sink,A man wearing a pink hat and a pink tie.,A cat drinking water from a sink with a note on it.,A cat drinking water from a sink with a note on it.
/home/atuin/g103ea/shared/coco2014/images/COCO_val2014_000000348251.jpg,/home/atuin/g103ea/shared/coco2014/images/COCO_val2014_000000273442.jpg,/home/atuin/g103ea/shared/concept_pair_switched/backpack_sink_20240706_091856.png,348251,273442,False,0.003,0.0012656250000000003,200,200,2.0,100.0,0.07,10.8125,10.5078125,1.0859375,10.5,1.1064453125,0.136073037981987,3.540237969446025e-08,1.2180871963500977,backpack,sink,A woman in a black jacket skiing down a hill.,A bunch of vegetables that are on a counter.,A kitchen counter with a variety of fruits and vegetables.
/home/atuin/g103ea/shared/coco2014/images/COCO_val2014_000000293125.jpg,/home/atuin/g103ea/shared/coco2014/images/COCO_val2014_000000124135.jpg,/home/atuin/g103ea/shared/concept_pair_switched/backpack_sink_20240706_091916.png,293125,124135,False,0.003,0.0016875000000000002,200,199,2.0,100.0,0.07,10.71875,10.625,0.56103515625,10.609375,0.60400390625,0.1353665143251419,6.583896947631729e-07,0.691834032535553,backpack,sink,A person is fixing their skis on a snowy hill.,A glass of orange juice and a plate of carrots.,A glass of orange juice next to a plate of carrots.
/home/atuin/g103ea/shared/coco2014/images/COCO_val2014_000000370890.jpg,/home/atuin/g103ea/shared/coco2014/images/COCO_val2014_000000461722.jpg,/home/atuin/g103ea/shared/concept_pair_switched/backpack_sink_20240706_091925.png,370890,461722,False,0.003,0.0009492187500000002,200,200,2.0,100.0,0.07,10.7734375,10.6640625,0.59375,10.6484375,0.64892578125,0.12334442883729935,2.4611840343524705e-11,0.7004388570785522,backpack,sink,A person on skis jumping in the air.,A girl sitting at a table with an orange.,A girl sitting at a table with an orange.
/home/atuin/g103ea/shared/coco2014/images/COCO_val2014_000000182523.jpg,/home/atuin/g103ea/shared/coco2014/images/COCO_val2014_000000523212.jpg,/home/atuin/g103ea/shared/concept_pair_switched/backpack_sink_20240706_092417.png,182523,523212,False,0.003,0.0016875000000000002,200,200,2.0,100.0,0.07,10.46875,10.3125,0.78515625,10.3125,0.8349609375,0.09954335540533066,8.4664407040691e-07,0.8443275690078735,backpack,sink,A group of people standing on top of a snow covered slope.,"A living room with a couch, chair, table and a television.","A living room with a couch, chair, table and a television."
/home/atuin/g103ea/shared/coco2014/images/COCO_val2014_000000182523.jpg,/home/atuin/g103ea/shared/coco2014/images/COCO_val2014_000000288884.jpg,/home/atuin/g103ea/shared/concept_pair_switched/backpack_sink_20240706_092515.png,182523,288884,False,0.003,0.0016875000000000002,200,195,2.0,100.0,0.07,11.25,11.0625,0.8037109375,11.0859375,0.88525390625,0.1002814918756485,8.664878805575427e-07,0.8643605709075928,backpack,sink,A group of people standing on top of a snow covered slope.,A woman brushing her teeth in a mirror.,A collage of photos of a woman brushing her teeth.
/home/atuin/g103ea/shared/coco2014/images/COCO_val2014_000000299481.jpg,/home/atuin/g103ea/shared/coco2014/images/COCO_val2014_000000512223.jpg,/home/atuin/g103ea/shared/concept_pair_switched/backpack_sink_20240706_092618.png,299481,512223,False,0.003,0.0022500000000000003,200,197,2.0,100.0,0.07,10.46875,10.3984375,0.5693359375,10.40625,0.58935546875,0.0857752114534378,8.188817446352914e-07,0.6009682416915894,backpack,sink,A couple of people riding skis down a snow covered slope.,"A living room with a couch, coffee table, and a television.","A living room with a couch, coffee table, and a television."
/home/atuin/g103ea/shared/coco2014/images/COCO_val2014_000000248582.jpg,/home/atuin/g103ea/shared/coco2014/images/COCO_val2014_000000068162.jpg,/home/atuin/g103ea/shared/concept_pair_switched/backpack_sink_20240706_092733.png,248582,68162,False,0.003,0.0016875000000000002,200,200,2.0,100.0,0.07,9.9453125,9.8828125,0.5869140625,9.875,0.62890625,0.06995181739330292,1.815214091038797e-06,0.5870955586433411,backpack,sink,A group of people standing around a fruit stand.,"A living room with a couch, chairs, table and a television.","A living room with a couch, chairs, table and a television."
/home/atuin/g103ea/shared/coco2014/images/COCO_val2014_000000299481.jpg,/home/atuin/g103ea/shared/coco2014/images/COCO_val2014_000000290515.jpg,/home/atuin/g103ea/shared/concept_pair_switched/backpack_sink_20240706_092741.png,299481,290515,False,0.003,0.0022500000000000003,200,199,2.0,100.0,0.07,11.09375,10.984375,0.8642578125,11.03125,1.150390625,0.08446313440799713,3.9272799767786637e-07,0.8932233452796936,backpack,sink,A couple of people riding skis down a snow covered slope.,A person is using a toothbrush to brush their teeth.,A person is using a toothbrush to clean their teeth.
/home/atuin/g103ea/shared/coco2014/images/COCO_val2014_000000381416.jpg,/home/atuin/g103ea/shared/coco2014/images/COCO_val2014_000000401010.jpg,/home/atuin/g103ea/shared/concept_pair_switched/backpack_sink_20240706_092751.png,381416,401010,False,0.003,0.0009492187500000002,200,198,2.0,100.0,0.07,10.5,10.484375,0.262451171875,10.4765625,0.5029296875,0.10655488818883896,3.440163154344589e-10,0.33556097745895386,backpack,sink,A man riding skis down a snow covered slope.,A hotel room with two beds and a desk.,A hotel room with two beds and a desk.
/home/atuin/g103ea/shared/coco2014/images/COCO_val2014_000000124387.jpg,/home/atuin/g103ea/shared/coco2014/images/COCO_val2014_000000304165.jpg,/home/atuin/g103ea/shared/concept_pair_switched/backpack_sink_20240706_092803.png,124387,304165,False,0.003,0.0009492187500000002,200,200,2.0,100.0,0.07,10.7734375,10.703125,0.368896484375,10.7265625,0.5283203125,0.1237146332859993,1.6655340218107995e-08,0.47632741928100586,backpack,sink,A boy holding a frisbee in his mouth.,A bathroom with two sinks and two mirrors.,A bathroom with two sinks and two mirrors.
/home/atuin/g103ea/shared/coco2014/images/COCO_val2014_000000088507.jpg,/home/atuin/g103ea/shared/coco2014/images/COCO_val2014_000000511333.jpg,/home/atuin/g103ea/shared/concept_pair_switched/backpack_sink_20240706_092823.png,88507,511333,False,0.003,0.0012656250000000003,200,199,2.0,100.0,0.07,10.65625,10.6015625,0.50341796875,10.6328125,0.52392578125,0.08951070159673691,9.342276285906337e-08,0.5424486994743347,backpack,sink,A man riding a snowboard down a snow covered slope.,A woman standing next to a bed in a bedroom.,A woman standing next to a bed in a hotel room.
/home/atuin/g103ea/shared/coco2014/images/COCO_val2014_000000248582.jpg,/home/atuin/g103ea/shared/coco2014/images/COCO_val2014_000000034993.jpg,/home/atuin/g103ea/shared/concept_pair_switched/backpack_sink_20240706_092852.png,248582,34993,False,0.003,0.0016875000000000002,200,200,2.0,100.0,0.07,10.5625,10.46875,0.5087890625,10.46875,0.65087890625,0.0699978843331337,7.844264473533258e-07,0.5088675022125244,backpack,sink,A group of people standing around a fruit stand.,A man sitting at a desk with a laptop computer.,A man sitting at a desk using a laptop computer.
/home/atuin/g103ea/shared/coco2014/images/COCO_val2014_000000145824.jpg,/home/atuin/g103ea/shared/coco2014/images/COCO_val2014_000000355776.jpg,/home/atuin/g103ea/shared/concept_pair_switched/backpack_sink_20240706_092953.png,145824,355776,False,0.003,0.0012656250000000003,200,199,2.0,100.0,0.07,11.5390625,11.453125,0.477783203125,11.46875,0.56494140625,0.09206022322177887,1.836444774028223e-08,0.5219054818153381,backpack,sink,A man riding skis down a snow covered slope.,A little girl standing on a toilet in a bathroom.,A little girl standing on a toilet in a bathroom.
/home/atuin/g103ea/shared/coco2014/images/COCO_val2014_000000248445.jpg,/home/atuin/g103ea/shared/coco2014/images/COCO_val2014_000000288884.jpg,/home/atuin/g103ea/shared/concept_pair_switched/backpack_sink_20240706_093012.png,248445,288884,False,0.003,0.0016875000000000002,200,200,2.0,100.0,0.07,11.5703125,11.4609375,0.79541015625,11.4609375,0.84228515625,0.08740461617708206,1.4799351788497006e-07,0.830234169960022,backpack,sink,Three people in the snow with skis and ski poles.,A collage of photos of a woman brushing her teeth.,A collage of photos of a woman brushing her teeth.
/home/atuin/g103ea/shared/coco2014/images/COCO_val2014_000000534127.jpg,/home/atuin/g103ea/shared/coco2014/images/COCO_val2014_000000404652.jpg,/home/atuin/g103ea/shared/concept_pair_switched/backpack_sink_20240706_093031.png,534127,404652,False,0.003,0.0016875000000000002,200,197,2.0,100.0,0.07,10.5703125,10.5078125,0.52587890625,10.515625,0.61474609375,0.06996715068817139,2.24600995579749e-07,0.5259013772010803,backpack,sink,A man throwing a frisbee to a woman in a field.,A stove top oven sitting inside of a kitchen.,A stove top oven sitting inside of a kitchen.
/home/atuin/g103ea/shared/coco2014/images/COCO_val2014_000000014547.jpg,/home/atuin/g103ea/shared/coco2014/images/COCO_val2014_000000524656.jpg,/home/atuin/g103ea/shared/concept_pair_switched/backpack_sink_20240706_093415.png,14547,524656,False,0.003,0.0016875000000000002,200,199,2.0,100.0,0.07,10.0625,9.9140625,0.99951171875,9.9140625,1.0595703125,0.08391012251377106,5.43584633305727e-07,1.0273863077163696,backpack,sink,A man riding skis down a snow covered slope.,"A kitchen with a sink, stove, and refrigerator.","A kitchen with a sink, stove, and refrigerator."
/home/atuin/g103ea/shared/coco2014/images/COCO_val2014_000000248445.jpg,/home/atuin/g103ea/shared/coco2014/images/COCO_val2014_000000273855.jpg,/home/atuin/g103ea/shared/concept_pair_switched/backpack_sink_20240706_093501.png,248445,273855,False,0.003,0.0016875000000000002,200,199,2.0,100.0,0.07,10.71875,10.6171875,0.61572265625,10.640625,0.662109375,0.08714596927165985,1.2401265792050253e-07,0.6500269770622253,backpack,sink,Three people in the snow with skis and ski poles.,Two boys sitting at a table with a blender.,Two boys sitting at a table with a bowl of cereal.
/home/atuin/g103ea/shared/coco2014/images/COCO_val2014_000000182523.jpg,/home/atuin/g103ea/shared/coco2014/images/COCO_val2014_000000333998.jpg,/home/atuin/g103ea/shared/concept_pair_switched/backpack_sink_20240706_093530.png,182523,333998,False,0.003,0.0012656250000000003,200,197,2.0,100.0,0.07,10.6796875,10.296875,1.8017578125,10.46875,1.9677734375,0.09766307473182678,1.5990764268281055e-06,1.8572437763214111,backpack,sink,A group of people standing on top of a snow covered slope.,"A kitchen with a sink, stove, and refrigerator.","A kitchen with a refrigerator, sink, stove and dishwasher."
/home/atuin/g103ea/shared/coco2014/images/COCO_val2014_000000315338.jpg,/home/atuin/g103ea/shared/coco2014/images/COCO_val2014_000000485951.jpg,/home/atuin/g103ea/shared/concept_pair_switched/backpack_sink_20240706_093627.png,315338,485951,False,0.003,0.0016875000000000002,200,198,2.0,100.0,0.07,10.734375,10.71875,0.25048828125,10.71875,0.315673828125,0.06994490325450897,1.258531483472325e-07,0.2505008578300476,backpack,sink,A man holding a skateboard standing next to a rail.,A kitchen with a black refrigerator freezer next to a sink.,A kitchen with a black refrigerator freezer next to a sink.
/home/atuin/g103ea/shared/coco2014/images/COCO_val2014_000000017018.jpg,/home/atuin/g103ea/shared/coco2014/images/COCO_val2014_000000544299.jpg,/home/atuin/g103ea/shared/concept_pair_switched/backpack_sink_20240706_093658.png,17018,544299,False,0.003,0.0016875000000000002,200,198,2.0,100.0,0.07,10.484375,10.40625,0.53076171875,10.359375,0.63720703125,0.08601436764001846,9.823680358067577e-08,0.5628002882003784,backpack,sink,A person on skis going down a snowy hill.,"A kitchen with a stove, sink, and refrigerator.","A kitchen with a stove, sink, and refrigerator."
/home/atuin/g103ea/shared/coco2014/images/COCO_val2014_000000017018.jpg,/home/atuin/g103ea/shared/coco2014/images/COCO_val2014_000000369503.jpg,/home/atuin/g103ea/shared/concept_pair_switched/backpack_sink_20240706_093738.png,17018,369503,False,0.003,0.0012656250000000003,200,200,2.0,100.0,0.07,10.7265625,10.7109375,0.5791015625,10.6484375,0.61865234375,0.08254562318325043,3.757563149520138e-08,0.6041965484619141,backpack,sink,A person on skis going down a snowy hill.,A man standing in a kitchen next to a sink.,A man standing in a kitchen next to a sink.
/home/atuin/g103ea/shared/coco2014/images/COCO_val2014_000000017018.jpg,/home/atuin/g103ea/shared/coco2014/images/COCO_val2014_000000420110.jpg,/home/atuin/g103ea/shared/concept_pair_switched/backpack_sink_20240706_093818.png,17018,420110,False,0.003,0.0016875000000000002,200,199,2.0,100.0,0.07,10.609375,10.53125,0.48291015625,10.4921875,0.51220703125,0.0929211899638176,2.5797038460950716e-07,0.5287783741950989,backpack,sink,A person on skis going down a snowy hill.,Two men preparing food in a kitchen.,Two men preparing food in a kitchen.
/home/atuin/g103ea/shared/coco2014/images/COCO_val2014_000000211215.jpg,/home/atuin/g103ea/shared/coco2014/images/COCO_val2014_000000271897.jpg,/home/atuin/g103ea/shared/concept_pair_switched/backpack_sink_20240706_093855.png,211215,271897,False,0.003,0.0009492187500000002,200,200,2.0,100.0,0.07,11.3203125,11.2734375,0.4599609375,11.265625,0.5078125,0.09569205343723297,3.655234337429647e-08,0.5113486647605896,backpack,sink,A man with a banana in his mouth.,A colorful kitchen with a stove and a microwave.,A row of different colored appliances in a room.
/home/atuin/g103ea/shared/coco2014/images/COCO_val2014_000000248445.jpg,/home/atuin/g103ea/shared/coco2014/images/COCO_val2014_000000147165.jpg,/home/atuin/g103ea/shared/concept_pair_switched/backpack_sink_20240706_093904.png,248445,147165,False,0.003,0.0012656250000000003,200,200,2.0,100.0,0.07,10.4765625,10.4375,0.3818359375,10.421875,0.63427734375,0.07732000946998596,4.314536994343143e-08,0.3964802920818329,backpack,sink,Three people in the snow with skis and ski poles.,A man in a kitchen preparing food in a pot.,A man in a kitchen preparing food in a pot.
/home/atuin/g103ea/shared/coco2014/images/COCO_val2014_000000512320.jpg,/home/atuin/g103ea/shared/coco2014/images/COCO_val2014_000000296604.jpg,/home/atuin/g103ea/shared/concept_pair_switched/backpack_sink_20240706_093925.png,512320,296604,False,0.003,0.0016875000000000002,200,200,2.0,100.0,0.07,10.96875,10.859375,0.96142578125,10.859375,1.0263671875,0.13733431696891785,4.90194406665978e-06,1.0965845584869385,backpack,sink,A man on skis posing for a picture.,A microwave oven sitting on top of a counter.,A microwave oven sitting on top of a counter.
/home/atuin/g103ea/shared/coco2014/images/COCO_val2014_000000231028.jpg,/home/atuin/g103ea/shared/coco2014/images/COCO_val2014_000000508730.jpg,/home/atuin/g103ea/shared/concept_pair_switched/backpack_sink_20240706_093936.png,231028,508730,False,0.003,0.0012656250000000003,200,200,2.0,100.0,0.07,10.5234375,10.4375,0.572265625,10.4296875,0.5791015625,0.07889208942651749,1.2922683367833088e-07,0.5900627374649048,backpack,sink,A group of people riding skis on top of a snow covered slope.,Two babies sitting on a towel in a bathroom.,Two babies sitting on a towel in a bathroom.
/home/atuin/g103ea/shared/coco2014/images/COCO_val2014_000000063399.jpg,/home/atuin/g103ea/shared/coco2014/images/COCO_val2014_000000418944.jpg,/home/atuin/g103ea/shared/concept_pair_switched/backpack_sink_20240706_094036.png,63399,418944,False,0.003,0.0012656250000000003,200,197,2.0,100.0,0.07,10.1953125,9.984375,1.2109375,9.9609375,1.2705078125,0.07845079898834229,6.13075258115714e-07,1.2279003858566284,backpack,sink,A close up of a frisbee in a persons hand.,A young girl holding a hair dryer in her hand.,A young girl is holding a hair dryer.
/home/atuin/g103ea/shared/coco2014/images/COCO_val2014_000000231028.jpg,/home/atuin/g103ea/shared/coco2014/images/COCO_val2014_000000389753.jpg,/home/atuin/g103ea/shared/concept_pair_switched/backpack_sink_20240706_094153.png,231028,389753,False,0.003,0.0016875000000000002,200,199,2.0,100.0,0.07,11.0703125,11.03125,0.394775390625,11.015625,0.453369140625,0.08541275560855865,2.63708614056668e-07,0.4256272614002228,backpack,sink,A group of people riding skis on top of a snow covered slope.,"A kitchen with a stove, sink, and refrigerator.","A kitchen with a stove, sink, and refrigerator."
/home/atuin/g103ea/shared/coco2014/images/COCO_val2014_000000231028.jpg,/home/atuin/g103ea/shared/coco2014/images/COCO_val2014_000000476029.jpg,/home/atuin/g103ea/shared/concept_pair_switched/backpack_sink_20240706_094341.png,231028,476029,False,0.003,0.0012656250000000003,200,200,2.0,100.0,0.07,10.2890625,10.2109375,0.62109375,10.203125,0.6416015625,0.08275342732667923,2.3462968101739534e-07,0.6466240882873535,backpack,sink,A group of people riding skis on top of a snow covered slope.,Two women in a kitchen preparing food.,Two women in a kitchen preparing food.
